Team Name,Team Code,Conf Code,Conf Name,Tot Off Pts,Tot Def Pts,Off Pts Per Drive,Def Pts Per Drive,Tot Off Yards,Tot Def Yards,Off Yards Per Drive,Def Yards Per Drive,Tot Expected Off Pts,Tot Expected Def Pts,Off Expected Pts Per Drive,Def Expected Pts Per Drive,Tot Expected Off Yds,Tot Expected Def Yds,Off Expected Yds Per Drive,Def Expected Yds Per Drive,Off Pts Per Drive over Expected,Def Pts Per Drive over Expected,Off Yards Per Drive over Expected,Def Yards Per Drive over Expected
Akron,5,875,Mid-American Conference,192,162,1.90099009901,1.58823529412,2893,2484,28.6435643564,24.3529411765,219.456514756,221.88720847,2.17283677976,2.17536478892,3030.70156964,3041.85085033,30.0069462341,29.8220671601,-0.27184668075,-0.5871294948,-1.36338187767,-1.36338187767
Alabama,8,911,Southeastern Conference,263,170,2.0873015873,1.30769230769,3620,2594,28.7301587302,19.9538461538,292.567377494,278.462244872,2.32196331344,2.14201726825,3677.10309821,3920.47826192,29.1833579223,30.1575250917,-0.234661726141,-0.834324960553,-0.453199192119,-0.453199192119
Appalachian State,27,818,Sun Belt Conference,275,164,2.5462962963,1.50458715596,3741,2837,34.6388888889,26.0275229358,244.657037137,249.562310464,2.26534293646,2.28956248132,3171.73272301,3193.98912508,29.3678955834,29.3026525237,0.28095335984,-0.784975325358,5.27099330548,5.27099330548
Arizona State,28,905,Pac-12 Conference,270,251,2.06106870229,1.91603053435,3960,3581,30.2290076336,27.3358778626,290.327067424,284.098964884,2.21623715591,2.16869438843,3871.12849845,3927.48478567,29.5505992248,29.9807998906,-0.155168453618,-0.252663854076,0.678408408793,0.678408408793
Arizona,29,905,Pac-12 Conference,362,362,2.72180451128,2.6231884058,4987,4549,37.4962406015,32.9637681159,286.100408852,288.922767706,2.15113089362,2.09364324425,4011.19160605,4240.72655384,30.1593353838,30.7299025641,0.570673617657,0.529545161547,7.33690521769,7.33690521769
Arkansas State,30,818,Sun Belt Conference,321,277,2.37777777778,2.03676470588,4014,3989,29.7333333333,29.3308823529,316.272591716,277.255116798,2.34275993864,2.03864056469,3880.34837765,4210.54635469,28.7433213159,30.9598996668,0.0350178391413,-0.00187585881149,0.990012017441,0.990012017441
Arkansas,31,911,Southeastern Conference,273,222,2.65048543689,2.22,3899,3555,37.854368932,35.55,234.271605293,206.481083682,2.27448160479,2.06481083682,3010.01191285,3070.98046167,29.2234166296,30.7098046167,0.376003832104,0.155189163179,8.63095230244,8.63095230244
Auburn,37,911,Southeastern Conference,208,229,2.01941747573,2.16037735849,3137,3730,30.4563106796,35.1886792453,228.433496459,231.856657327,2.2178009365,2.18732695592,3066.37149976,3186.47088163,29.770597085,30.0610460531,-0.19838346077,-0.0269495974277,0.685713594606,0.685713594606
Ball State,47,875,Mid-American Conference,224,330,1.792,2.64,3744,4665,29.952,37.32,264.726962225,257.082455286,2.1178156978,2.05665964229,3800.4590174,3857.19471469,30.4036721392,30.8575577176,-0.3258156978,0.583340357708,-0.451672139219,-0.451672139219
Baylor,51,25354,Big 12 Conference,452,201,4.03571428571,1.76315789474,5147,3164,45.9553571429,27.7543859649,241.48149414,235.59252276,2.15608476911,2.06660107684,3383.93046933,3501.11556396,30.2136649047,30.7115400348,1.87962951661,-0.303443182105,15.7416922381,15.7416922381
Boise State,66,5486,Mountain West Conference,359,144,2.7196969697,1.125,4388,2627,33.2424242424,20.5234375,293.552957458,258.735241697,2.22388604135,2.02136907576,3909.35364705,3975.24581546,29.616315508,31.0566079333,0.495810928346,-0.896369075756,3.62610873446,3.62610873446
Boston College,67,821,Atlantic Coast Conference,180,123,1.33333333333,0.924812030075,2860,2452,21.1851851852,18.4360902256,297.95024314,270.11903678,2.20703883807,2.03097020135,4018.5976672,4102.89031035,29.7673901274,30.848799326,-0.873705504738,-1.10615817128,-8.58220494219,-8.58220494219
Bowling Green,71,875,Mid-American Conference,402,246,3.40677966102,2.15789473684,5244,3915,44.4406779661,34.3421052632,246.356969001,233.820389117,2.08777092374,2.05105604489,3623.70641662,3524.40372935,30.709376412,30.9158221872,1.31900873728,0.106838691957,13.7313015541,13.7313015541
BYU,77,99001,Independent,285,199,2.47826086957,1.70085470085,3791,3090,32.9652173913,26.4102564103,242.68937975,238.844463436,2.11034243261,2.0414056704,3502.13256479,3624.31693806,30.4533266503,30.9770678467,0.367918436957,-0.340550969542,2.51189074098,2.51189074098
Buffalo,86,875,Mid-American Conference,212,242,1.90990990991,2.06837606838,3221,3911,29.018018018,33.4273504274,233.341375481,236.865279993,2.10217455389,2.02448957259,3397.59198851,3643.35734937,30.6089368334,31.1398064049,-0.192264643976,0.0438864957879,-1.59091881541,-1.59091881541
Fresno State,96,5486,Mountain West Conference,207,309,1.8,2.86111111111,3057,4065,26.5826086957,37.6388888889,246.103345146,227.589093934,2.14002908822,2.10730642531,3486.47796165,3272.10376495,30.3171996665,30.2972570829,-0.340029088224,0.753804685799,-3.73459097084,-3.73459097084
California,107,905,Pac-12 Conference,307,266,2.55833333333,2.14516129032,4498,3960,37.4833333333,31.935483871,254.022881978,263.451799872,2.11685734981,2.12461128929,3671.91530386,3785.991452,30.5992941988,30.532189129,0.44147598352,0.0205500010358,6.88403913451,6.88403913451
Charlotte,109,24312,Conference USA,152,229,1.27731092437,1.99130434783,2888,2961,24.268907563,25.747826087,238.289966415,266.157860404,2.00243669256,2.31441617742,3701.92655861,3328.41791507,31.1086265429,28.9427644789,-0.725125768192,-0.323111829599,-6.83971897989,-6.83971897989
UCLA,110,905,Pac-12 Conference,283,187,2.59633027523,1.73148148148,3745,3034,34.3577981651,28.0925925926,236.052988556,221.929059777,2.16562374822,2.05489870164,3292.75753639,3348.88730446,30.2087847375,31.008215782,0.430706527013,-0.323417220159,4.14901342763,4.14901342763
UCF,128,823,American Athletic Conference,169,355,1.31007751938,2.68939393939,2965,4428,22.984496124,33.5454545455,267.510023773,296.239334954,2.07372111452,2.24423738602,3961.97853738,3880.77665228,30.7130119177,29.3998231233,-0.763643595142,0.445156553377,-7.72851579364,-7.72851579364
Central Michigan,129,875,Mid-American Conference,249,164,2.22321428571,1.49090909091,3422,2689,30.5535714286,24.4454545455,240.785546845,239.885309007,2.14987095398,2.18077553643,3392.7414331,3308.05424813,30.2923342241,30.0732204376,0.0733433317377,-0.68986644552,0.261237204475,0.261237204475
Cincinnati,140,823,American Athletic Conference,359,235,2.76153846154,1.88,5218,3342,40.1384615385,26.736,263.232209132,269.977037581,2.02486314717,2.15981630065,4020.73985696,3748.11851193,30.9287681305,29.9849480954,0.736675314372,-0.279816300651,9.20969340796,9.20969340796
Clemson,147,821,Atlantic Coast Conference,342,143,2.671875,1.13492063492,4470,2683,34.921875,21.2936507937,270.891975496,259.131105069,2.11634355857,2.05659607197,3910.51542278,3885.04688678,30.5509017405,30.8337054507,0.555531441434,-0.921675437054,4.37097325953,4.37097325953
Colorado State,156,5486,Mountain West Conference,247,233,2.09322033898,1.97457627119,3551,3538,30.093220339,29.9830508475,259.185589396,236.862342431,2.19648804573,2.00730798671,3531.71485638,3662.24935181,29.9297869185,31.0360114561,-0.10326770675,-0.032731715521,0.163433420526,0.163433420526
Colorado,157,905,Pac-12 Conference,242,268,2.01666666667,2.16129032258,3562,3782,29.6833333333,30.5,251.553853476,280.550783199,2.0962821123,2.26250631612,3675.5011919,3648.81604379,30.6291765991,29.425935837,-0.0796154456295,-0.101215993538,-0.9458432658,-0.9458432658
Connecticut,164,823,American Athletic Conference,197,198,1.62809917355,1.63636363636,3356,3425,27.7355371901,28.305785124,253.464635028,266.819410193,2.09474904982,2.2051190925,3705.95170143,3613.02228201,30.6277000119,29.8596882811,-0.466649876262,-0.56875545614,-2.89216282177,-2.89216282177
Duke,193,821,Atlantic Coast Conference,230,140,2.09090909091,1.30841121495,3321,2721,30.1909090909,25.4299065421,257.548268131,209.558504615,2.3413478921,1.95849069733,3186.24505567,3368.97998591,28.9658641425,31.4857942609,-0.250438801193,-0.650079482379,1.22504494842,1.22504494842
East Carolina,196,823,American Athletic Conference,256,306,1.92481203008,2.25,3856,4068,28.992481203,29.9117647059,283.244669884,287.61043118,2.12965917206,2.1147825822,4021.69132892,4139.46352967,30.2382806686,30.4372318358,-0.204847141984,0.135217417797,-1.24579946558,-1.24579946558
Eastern Michigan,204,875,Mid-American Conference,261,423,2.10483870968,3.46721311475,3848,5191,31.0322580645,42.5491803279,258.68203774,260.651898613,2.08614546565,2.13649097224,3802.72597089,3707.00363047,30.6671449266,30.3852756596,0.0186932440292,1.33072214252,0.365113137945,0.365113137945
Florida Atlantic,229,24312,Conference USA,214,247,1.91071428571,2.18584070796,3726,3972,33.2678571429,35.1504424779,235.655686425,232.053341067,2.10406862879,2.05356938998,3412.90514901,3473.3084852,30.4723674019,30.7372432319,-0.193354343077,0.132271317987,2.79548974099,2.79548974099
Florida International,231,24312,Conference USA,214,216,2.16161616162,2.13861386139,2944,3313,29.7373737374,32.801980198,223.097312323,226.327817139,2.25350820529,2.24086947663,2928.61822742,2980.86030154,29.5820022972,29.5134683321,-0.0918920436697,-0.102255615241,0.155371440169,0.155371440169
Florida State,234,821,Atlantic Coast Conference,276,152,2.53211009174,1.42056074766,3643,3107,33.4220183486,29.0373831776,231.505879384,205.829896219,2.12390715032,1.9236438899,3320.60269232,3399.55439065,30.4642448837,31.7715363612,0.408202941427,-0.503083142235,2.95777346493,2.95777346493
Florida,235,911,Southeastern Conference,242,146,2.08620689655,1.25862068966,3131,2592,26.9913793103,22.3448275862,273.356404601,224.813588503,2.35652072932,1.93804817675,3328.90403949,3666.43113787,28.6974486163,31.6071649817,-0.270313832765,-0.679427487092,-1.70606930591,-1.70606930591
Georgia State,254,818,Sun Belt Conference,227,261,2.10185185185,2.50961538462,3586,3604,33.2037037037,34.6538461538,211.622267917,233.620580447,1.95946544367,2.24635173507,3393.41415257,3065.87350035,31.4205014127,29.479552888,0.14238640818,0.263263649549,1.78320229098,1.78320229098
Georgia Southern,253,818,Sun Belt Conference,299,184,2.9603960396,1.85858585859,3426,2791,33.9207920792,28.1919191919,236.248853401,205.895623883,2.33909755842,2.07975377659,2910.11238344,3035.89003472,28.8129938954,30.6655559062,0.621298481182,-0.221167918008,5.10779818378,5.10779818378
Georgia Tech,255,821,Atlantic Coast Conference,294,229,2.6017699115,2.08181818182,3505,3155,31.017699115,28.6818181818,247.796524118,246.71100499,2.19288959396,2.24282731809,3378.40383814,3248.76339444,29.8973790986,29.5342126768,0.408880317543,-0.161009136274,1.12032001643,1.12032001643
Georgia,257,911,Southeastern Conference,239,160,2.11504424779,1.37931034483,3544,2696,31.3628318584,23.2413793103,248.251438226,245.149788199,2.19691538253,2.1133602431,3379.39431343,3541.92788847,29.9061443667,30.5338611075,-0.0818711347402,-0.734049898271,1.45668749176,1.45668749176
Hawai'i,277,5486,Mountain West Conference,164,339,1.20588235294,2.42142857143,2948,4353,21.6764705882,31.0928571429,276.404477093,325.704359103,2.03238586098,2.32645970788,4232.27496875,4044.75571147,31.1196688879,28.8911122248,-0.826503508036,0.0949688635531,-9.44319829967,-9.44319829967
Houston,288,823,American Athletic Conference,363,194,2.92741935484,1.49230769231,4621,3413,37.2661290323,26.2538461538,283.792991731,251.285569846,2.28865315912,1.93296592189,3616.97657663,4097.30515646,29.1691659406,31.5177319727,0.638766195718,-0.440658229581,8.09696309169,8.09696309169
Idaho,295,818,Sun Belt Conference,271,351,2.31623931624,3.02586206897,3958,4378,33.8290598291,37.7413793103,240.429112897,253.035280311,2.05494968288,2.18133862337,3609.43095702,3457.76758464,30.8498372395,29.8083412469,0.261289633355,0.844523445598,2.97922258953,2.97922258953
Illinois,301,827,Big Ten Conference,218,190,1.71653543307,1.49606299213,3366,3031,26.5039370079,23.8661417323,270.855111726,268.293540158,2.13271741516,2.1125475603,3863.86587022,3858.33747223,30.4241407104,30.3806100175,-0.416181982093,-0.61648456817,-3.9202037025,-3.9202037025
Indiana,306,827,Big Ten Conference,281,339,2.23015873016,2.66929133858,4209,4611,33.4047619048,36.3070866142,254.225751223,274.470468215,2.01766469225,2.1611847891,3930.60774977,3860.98875068,31.1952996014,30.4014862258,0.212494037912,0.508106549486,2.20946230341,2.20946230341
Iowa State,311,25354,Big 12 Conference,205,266,1.99029126214,2.48598130841,3425,3636,33.2524271845,33.9813084112,206.297220157,234.871972471,2.00288563259,2.19506516328,3259.11169469,3207.59579982,31.6418611135,29.9775308395,-0.0125943704547,0.290916145129,1.61056607099,1.61056607099
Iowa,312,827,Big Ten Conference,278,155,2.43859649123,1.42201834862,3649,2835,32.0087719298,26.0091743119,252.671884339,216.136813914,2.21642003806,1.98290654967,3382.67824967,3419.19605593,29.6726162252,31.3687711553,0.222176453169,-0.56088820105,2.33615570465,2.33615570465
Kansas State,327,25354,Big 12 Conference,181,215,2.01111111111,2.38888888889,2391,2994,26.5666666667,33.2666666667,200.470554988,200.844676973,2.22745061098,2.23160752192,2669.63593125,2668.31685458,29.6626214584,29.6479650509,-0.216339499869,0.157281366966,-3.09595479172,-3.09595479172
Kansas,328,25354,Big 12 Conference,162,428,1.31707317073,3.53719008264,3210,5269,26.0975609756,43.5454545455,247.240128871,269.785581393,2.01008234855,2.22963290408,3824.40708571,3597.30322041,31.0927405342,29.7297786811,-0.693009177815,1.30755717857,-4.99517955859,-4.99517955859
Kent State,331,875,Mid-American Conference,119,235,0.901515151515,1.76691729323,2630,3247,19.9242424242,24.4135338346,273.251701639,296.038217626,2.07008864878,2.22585126034,4099.28474131,3974.66182051,31.0551874341,29.8846753422,-1.16857349727,-0.458933967111,-11.1309450099,-11.1309450099
Kentucky,334,911,Southeastern Conference,190,253,1.77570093458,2.40952380952,3148,3605,29.4205607477,34.3333333333,212.937883014,233.218086861,1.99007367302,2.22112463677,3345.20839606,3107.94706616,31.2636298697,29.5994958682,-0.214372738444,0.188399172751,-1.84306912207,-1.84306912207
LSU,365,911,Southeastern Conference,275,182,2.92553191489,1.95698924731,3402,2750,36.1914893617,29.5698924731,197.678753261,192.954348424,2.10296546023,2.07477794004,2884.82120558,2876.74394593,30.6895872934,30.9327306014,0.822566454665,-0.117788692729,5.5019020683,5.5019020683
Louisiana Tech,366,24312,Conference USA,370,232,2.82442748092,1.75757575758,4789,3604,36.5572519084,27.303030303,291.043041849,288.66629589,2.22170260954,2.18686587796,3879.76085248,3943.35429906,29.6164950571,29.873896205,0.602724871379,-0.429290120382,6.94075685126,6.94075685126
Louisville,367,821,Atlantic Coast Conference,222,184,1.80487804878,1.50819672131,3318,2625,26.9756097561,21.5163934426,265.998218576,292.927985334,2.16258714289,2.40104906012,3709.31982558,3417.96507473,30.1570717527,28.0161071699,-0.35770909411,-0.892852338807,-3.18146199658,-3.18146199658
Marshall,388,24312,Conference USA,273,174,1.89583333333,1.2,3930,4145,27.2916666667,28.5862068966,327.657672164,284.09388553,2.27540050114,1.95926817607,4247.59757836,4597.13317075,29.4972054053,31.7043666948,-0.379567167805,-0.759268176071,-2.20553873862,-2.20553873862
Maryland,392,827,Big Ten Conference,195,287,1.57258064516,2.25984251969,2771,3645,22.3467741935,28.7007874016,276.804436678,283.56859286,2.23229384418,2.23282356582,3671.84133665,3757.05720138,29.6116236826,29.5831275699,-0.659713199016,0.0270189538617,-7.26484948908,-7.26484948908
Massachusetts,400,875,Mid-American Conference,189,297,1.5,2.41463414634,3436,4132,27.2698412698,33.593495935,254.220627921,268.574910421,2.01762403112,2.18353585708,3921.39079091,3689.81009503,31.1221491342,29.9984560572,-0.517624031115,0.231098289258,-3.85230786438,-3.85230786438
Memphis,404,823,American Athletic Conference,391,261,3.0546875,2.05511811024,4735,3978,36.9921875,31.3228346457,275.767209043,246.768295116,2.15443132065,1.94305744186,3859.75979473,4039.82726372,30.1543733964,31.8096634938,0.90025617935,0.112060668374,6.83781410363,6.83781410363
Miami (Ohio),414,875,Mid-American Conference,168,336,1.20863309353,2.41726618705,3458,4055,24.8776978417,29.1726618705,270.193942654,321.068564169,1.94384131406,2.30984578539,4405.64467011,4052.48004071,31.6952853965,29.154532667,-0.73520822053,0.107420401663,-6.81758755476,-6.81758755476
Miami (Florida),415,821,Atlantic Coast Conference,229,206,2.31313131313,2.0396039604,3182,3158,32.1414141414,31.2673267327,216.647014498,204.187391409,2.1883536818,2.02165734068,2973.2499539,3124.01434083,30.0328278172,30.9308350577,0.12477763133,0.0179466197124,2.10858632423,2.10858632423
Michigan State,416,827,Big Ten Conference,301,227,2.76146788991,2.14150943396,3843,3265,35.2568807339,30.8018867925,243.665685171,225.91332617,2.23546500157,2.13125779405,3254.48936717,3213.43115978,29.8577006162,30.3153882998,0.526002888336,0.0102516399089,5.39918011774,5.39918011774
Michigan,418,827,Big Ten Conference,288,101,2.52631578947,0.870689655172,3318,2137,29.1052631579,18.4224137931,274.167166785,243.129533988,2.40497514724,2.09594425852,3259.87347076,3534.57812512,28.5953813224,30.4705010786,0.121340642235,-1.22525460335,0.509881835473,0.509881835473
Middle Tennessee,419,24312,Conference USA,161,226,1.62626262626,2.21568627451,2827,3083,28.5555555556,30.2254901961,194.699372073,250.945294838,1.96666032397,2.46024798861,3124.41707347,2873.17326763,31.5597684189,28.1683653689,-0.340397697709,-0.244561714098,-3.00421286335,-3.00421286335
Minnesota,428,827,Big Ten Conference,210,202,1.70731707317,1.74137931034,3261,3000,26.512195122,25.8620689655,262.886887545,248.205178525,2.13729176866,2.13969981487,3736.16875595,3516.77515226,30.3753557394,30.3170271747,-0.429974695491,-0.398320504524,-3.86316061749,-3.86316061749
Mississippi State,430,911,Southeastern Conference,286,169,2.62385321101,1.46956521739,3776,3328,34.6422018349,28.9391304348,232.869704564,227.709283747,2.13641930793,1.98008072823,3285.59409954,3607.7478536,30.1430651334,31.3717204661,0.487433903079,-0.51051551084,4.49913670144,4.49913670144
Mississippi,433,911,Southeastern Conference,402,240,2.87142857143,1.73913043478,5230,3965,37.3571428571,28.731884058,312.638403182,297.492263423,2.2331314513,2.1557410393,4150.71533431,4152.30618847,29.6479666736,30.0891752787,0.638297120128,-0.416610604518,7.70917618353,7.70917618353
Missouri,434,911,Southeastern Conference,130,132,1.15044247788,1.1186440678,2555,2653,22.610619469,22.4830508475,238.820918909,250.376043055,2.11345945937,2.12183087334,3443.39719272,3593.02250759,30.4725415285,30.4493432846,-0.963016981493,-1.00318680555,-7.86192205951,-7.86192205951
North Carolina,457,821,Atlantic Coast Conference,360,168,3.42857142857,1.58490566038,4118,3020,39.219047619,28.4905660377,235.416996056,243.950357942,2.24206662911,2.30141847115,3095.42396372,3067.29183394,29.4802282259,28.9367154145,1.18650479946,-0.71651281077,9.73881939319,9.73881939319
Nebraska,463,827,Big Ten Conference,338,307,2.5223880597,2.22463768116,4426,4270,33.0298507463,30.9420289855,284.472961491,301.801646281,2.12293254844,2.18696845131,4103.39125697,4123.54938076,30.6223228132,29.8807926142,0.399455511265,0.0376692298486,2.40752793309,2.40752793309
UNLV,465,5486,Mountain West Conference,253,282,2.00793650794,2.16923076923,3671,4125,29.1349206349,31.7307692308,271.662517388,277.219365675,2.1560517253,2.13245665904,3781.34964537,3957.36354102,30.0107114712,30.4412580078,-0.148115217365,0.0367741101928,-0.875790836271,-0.875790836271
Nevada,466,5486,Mountain West Conference,242,232,2.10434782609,2.12844036697,3584,3547,31.1652173913,32.5412844037,230.304151366,233.089866828,2.00264479449,2.13843914521,3579.17866387,3306.28256858,31.1232927293,30.3328676016,0.101703031598,-0.00999877823859,0.0419246619981,0.0419246619981
New Mexico State,472,818,Sun Belt Conference,238,401,1.91935483871,3.18253968254,3961,5049,31.9435483871,40.0714285714,247.568177778,278.480807169,1.99651756273,2.21016513626,3856.4713337,3746.25664315,31.1005752718,29.7321955805,-0.0771627240196,0.97237454628,0.842973115337,0.842973115337
New Mexico,473,5486,Mountain West Conference,163,252,1.64646464646,2.44660194175,2793,3684,28.2121212121,35.7669902913,198.551177826,214.906497705,2.00556745278,2.0864708515,3086.12408714,3166.02948222,31.1729705771,30.7381503128,-0.35910280632,0.360131090244,-2.960849365,-2.960849365
North Carolina State,490,821,Atlantic Coast Conference,299,178,2.55555555556,1.48333333333,3622,2702,30.9572649573,22.5166666667,264.540364807,231.846158525,2.26102875903,1.93205132105,3457.80532011,3813.77911098,29.5538916249,31.7814925915,0.294526796525,-0.448717987712,1.40337333241,1.40337333241
North Texas,497,24312,Conference USA,150,332,1.51515151515,3.28712871287,3014,4214,30.4444444444,41.7227722772,206.196134804,212.386808732,2.08278924045,2.10283969042,3036.18902878,3078.47274638,30.6685760483,30.479928182,-0.567637725295,1.18428902245,-0.224131603867,-0.224131603867
Louisiana-Monroe,498,818,Sun Belt Conference,186,322,1.53719008264,2.68333333333,2948,3830,24.3636363636,31.9166666667,246.286482747,292.171394632,2.03542547725,2.43476162193,3766.90784697,3419.21596121,31.1314698096,28.4934663434,-0.498235394607,0.248571711401,-6.767833446,-6.767833446
Northern Illinois,503,875,Mid-American Conference,330,216,2.55813953488,1.62406015038,3856,3323,29.8914728682,24.984962406,288.956080981,290.989617063,2.23996962001,2.18789185762,3793.51201469,3975.21426725,29.4070698813,29.8888290771,0.318169914878,-0.56383170724,0.484402986934,0.484402986934
Northwestern,509,827,Big Ten Conference,178,170,1.48333333333,1.41666666667,3024,2932,25.2,24.4333333333,243.125828548,257.507852553,2.02604857123,2.14589877127,3723.45575148,3652.43431911,31.028797929,30.4369526593,-0.542715237901,-0.729232104606,-5.82879792898,-5.82879792898
Notre Dame,513,99001,Independent,331,210,2.90350877193,1.77966101695,4355,3130,38.201754386,26.5254237288,241.430670316,244.310904315,2.11781289751,2.0704313925,3467.56226224,3611.00045962,30.4172128266,30.6016988104,0.78569587442,-0.29077037555,7.78454155933,7.78454155933
Old Dominion,523,24312,Conference USA,188,222,1.82524271845,2.3125,2711,2801,26.3203883495,29.1770833333,245.412815455,254.018547448,2.38264869373,2.64602653592,2941.87731575,2544.18219802,28.5619156869,26.501897896,-0.557405975287,-0.333526535915,-2.24152733741,-2.24152733741
Ohio State,518,827,Big Ten Conference,308,165,2.44444444444,1.32,3882,3046,30.8095238095,24.368,287.439170927,238.902657081,2.28126326132,1.91122125664,3683.66047937,3983.70314707,29.23540063,31.8696251765,0.163181183122,-0.591221256644,1.57412317956,1.57412317956
Ohio,519,875,Mid-American Conference,242,246,2.26168224299,2.25688073394,3808,3673,35.5887850467,33.6972477064,223.544275873,214.645153628,2.08919883994,1.96922159292,3287.19199989,3450.8019915,30.7214205597,31.658733867,0.172483403053,0.287659141023,4.86736448704,4.86736448704
Oklahoma State,521,25354,Big 12 Conference,362,241,2.828125,1.77205882353,4551,3848,35.5546875,28.2941176471,285.061007557,276.400561322,2.22703912154,2.03235706854,3794.22437083,4248.47460574,29.6423778971,31.2387838658,0.601085878463,-0.260298245015,5.91230960289,5.91230960289
Oklahoma,522,25354,Big 12 Conference,348,174,3.13513513514,1.5,4281,2902,38.5675675676,25.0172413793,253.453511581,239.42369786,2.2833649692,2.06399739535,3244.93349511,3586.54999866,29.233635091,30.9185344712,0.851770165933,-0.563997395348,9.33393247653,9.33393247653
Oregon State,528,905,Pac-12 Conference,156,271,1.39285714286,2.3982300885,2876,3692,25.6785714286,32.6725663717,226.330572212,239.508725771,2.02080868046,2.11954624576,3489.76104579,3431.71329447,31.158580766,30.3691441988,-0.627951537604,0.278683842733,-5.48000933738,-5.48000933738
Oregon,529,905,Pac-12 Conference,328,313,2.5625,2.40769230769,4547,4301,35.5234375,33.0846153846,289.260977947,281.185690075,2.25985139021,2.16296684673,3772.7318194,3918.90825783,29.4744673391,30.1454481371,0.302648609791,0.244725460961,6.04897016092,6.04897016092
Penn State,539,827,Big Ten Conference,242,171,1.77941176471,1.24817518248,3407,2909,25.0514705882,21.2335766423,302.816888726,287.727281853,2.22659477004,2.10019913761,4053.65661093,4207.97446201,29.8062986098,30.7151420585,-0.447183005336,-0.852023955132,-4.75482802152,-4.75482802152
Pittsburgh,545,821,Atlantic Coast Conference,232,213,2.20952380952,1.99065420561,3331,3014,31.7238095238,28.1682242991,230.261599286,211.066793473,2.19296761225,1.97258685488,3131.5329025,3353.18885509,29.8241228809,31.3382135989,0.0165561972742,0.0180673507235,1.89968664288,1.89968664288
Purdue,559,827,Big Ten Conference,247,288,1.99193548387,2.32258064516,3496,4003,28.1935483871,32.2822580645,258.048766853,276.458715311,2.08103844236,2.22950576863,3774.51361436,3712.12908431,30.4396259223,29.9365248735,-0.0891029584929,0.0930748765272,-2.24607753518,-2.24607753518
Rice,574,24312,Conference USA,260,305,2.30088495575,2.82407407407,3634,3982,32.1592920354,36.8703703704,244.311805943,229.850405569,2.16205138003,2.12824449601,3424.91208363,3273.85993851,30.3089564923,30.3135179491,0.138833575724,0.695829578067,1.85033554307,1.85033554307
Rutgers,587,827,Big Ten Conference,199,287,2.0306122449,2.84158415842,3041,3786,31.0306122449,37.4851485149,210.237652951,219.45626909,2.14528217297,2.17283434743,2964.63601902,3043.6098963,30.2513879492,30.1347514485,-0.114669928071,0.668749810986,0.779224295748,0.779224295748
San Diego State,626,5486,Mountain West Conference,232,172,1.98290598291,1.47008547009,3148,2998,26.905982906,25.6239316239,263.36960475,232.974853865,2.25102226282,1.99123806723,3452.67017075,3665.79021192,29.5100014594,31.3315402728,-0.26811627991,-0.52115259714,-2.60401855339,-2.60401855339
San Jose State,630,5486,Mountain West Conference,190,234,2.0,2.48936170213,2999,2941,31.5684210526,31.2872340426,197.03986628,214.260095771,2.07410385558,2.27936272097,2921.16630843,2743.18496252,30.7491190361,29.1828187502,-0.0741038555823,0.20999898116,0.819302016525,0.819302016525
South Alabama,646,818,Sun Belt Conference,219,293,1.90434782609,2.5701754386,3235,3455,28.1304347826,30.3070175439,242.700810055,267.693437472,2.11044182656,2.348188048,3489.05202797,3285.61768746,30.3395828519,28.8212077848,-0.206094000477,0.221987390594,-2.2091480693,-2.2091480693
South Carolina,648,911,Southeastern Conference,195,237,1.85714285714,2.2358490566,3060,3711,29.1428571429,35.0094339623,227.914314746,210.911381981,2.17061252139,1.98973001869,3139.82613821,3307.99654784,29.9031060782,31.2075146023,-0.313469664245,0.246119037913,-0.760248935362,-0.760248935362
South Florida,651,823,American Athletic Conference,241,187,2.00833333333,1.55833333333,3400,3173,28.3333333333,26.4416666667,261.245257708,260.359454743,2.17704381423,2.16966212286,3598.64567427,3633.95768148,29.9887139522,30.282980679,-0.168710480897,-0.611328789523,-1.65538061892,-1.65538061892
USC,657,905,Pac-12 Conference,311,226,2.65811965812,1.94827586207,4116,3722,35.1794871795,32.0862068966,251.474788681,237.429781742,2.14935716822,2.04680846329,3517.10169646,3576.70721207,30.0606982603,30.8336828627,0.508762489903,-0.0985326012204,5.11878891917,5.11878891917
SMU,663,823,American Athletic Conference,269,395,2.11811023622,3.18548387097,3778,3867,29.7480314961,31.185483871,259.244121057,328.404956909,2.04129229178,2.64842707184,3947.4321113,3268.57711641,31.0821426086,26.3594928743,0.0768179444368,0.537056799123,-1.33411111256,-1.33411111256
Southern Mississippi,664,24312,Conference USA,317,203,2.64166666667,1.72033898305,4603,3251,38.3583333333,27.5508474576,260.387808005,244.674442026,2.16989840004,2.07351222056,3605.98573419,3622.12487378,30.0498811182,30.6959735066,0.471768266625,-0.353173237513,8.3084522151,8.3084522151
Texas State,670,818,Sun Belt Conference,235,318,2.17592592593,3.05769230769,3284,4266,30.4074074074,41.0192307692,226.849278916,220.75655117,2.10045628626,2.12265914587,3302.62549318,3165.3958275,30.5798656776,30.4364983414,0.0754696396662,0.935033161824,-0.172458270167,-0.172458270167
Louisiana-Lafayette,671,818,Sun Belt Conference,227,224,2.29292929293,2.21782178218,3207,3266,32.3939393939,32.3366336634,211.163992786,204.493101922,2.1329696241,2.02468417745,2998.93225989,3129.27445044,30.2922450494,30.9829153509,0.159959668826,0.193137604731,2.10169434456,2.10169434456
Stanford,674,905,Pac-12 Conference,334,196,3.1214953271,1.79816513761,3821,2958,35.7102803738,27.1376146789,245.647301912,220.423587476,2.29576917674,2.02223474749,3117.71298772,3368.72315237,29.1375045582,30.9057169942,0.825726150359,-0.22406960987,6.57277581567,6.57277581567
Syracuse,688,821,Atlantic Coast Conference,208,256,1.87387387387,2.26548672566,3098,3822,27.9099099099,33.8230088496,244.075458945,238.037444693,2.19887800852,2.10652605923,3298.67866734,3437.50490196,29.7178258319,30.4203973625,-0.325004134642,0.158960666435,-1.80791592202,-1.80791592202
Temple,690,823,American Athletic Conference,281,166,2.36134453782,1.38333333333,3169,3188,26.6302521008,26.5666666667,282.497266608,231.142054836,2.37392661016,1.9261837903,3405.45758866,3789.64153632,28.617290661,31.580346136,-0.0125820723402,-0.542850456966,-1.98703856016,-1.98703856016
Tennessee,694,911,Southeastern Conference,288,191,2.4406779661,1.57851239669,3668,3241,31.0847457627,26.7851239669,262.224852369,248.832698878,2.22224451161,2.05646858577,3508.85885149,3747.42761583,29.7360919618,30.9704761639,0.218433454496,-0.477956189073,1.34865380094,1.34865380094
Texas A&M,697,911,Southeastern Conference,259,223,2.19491525424,1.84297520661,3778,3631,32.0169491525,30.0082644628,257.044553173,252.660298695,2.17834367096,2.08810164211,3528.27591591,3701.76515235,29.9006433551,30.5931004326,0.0165715832794,-0.245126435497,2.11630579739,2.11630579739
TCU,698,25354,Big 12 Conference,424,252,3.28682170543,2.0,5492,3802,42.5736434109,30.1746031746,285.484598619,251.02026357,2.21305890403,1.99222431404,3852.03661446,3953.18237641,29.8607489493,31.3744633049,1.0737628014,0.00777568595615,12.7128944616,12.7128944616
Texas Tech,700,25354,Big 12 Conference,445,420,3.15602836879,3.0,5640,5602,40.0,40.0142857143,301.471030168,289.438394931,2.13809241254,2.06741710665,4263.26743379,4319.20951026,30.2359392467,30.8514965018,1.01793595626,0.932582893348,9.76406075327,9.76406075327
Texas,703,25354,Big 12 Conference,203,289,1.7652173913,2.47008547009,3060,4081,26.6086956522,34.8803418803,236.974674018,253.761161833,2.06064933929,2.16889881908,3528.22397262,3542.39009437,30.6802084576,30.2768384135,-0.295431947985,0.301186651001,-4.07151280541,-4.07151280541
UTEP,704,24312,Conference USA,163,276,1.94047619048,3.32530120482,2688,3357,32.0,40.4457831325,165.491735219,176.531348666,1.97013970499,2.12688371887,2631.76471732,2519.62827986,31.3305323491,30.3569672273,-0.0296635145146,1.19841748595,0.669467650926,0.669467650926
UTSA,706,24312,Conference USA,220,262,2.07547169811,2.56862745098,3328,3661,31.3962264151,35.8921568627,222.981690551,219.802677078,2.10360085426,2.15492820665,3242.0837762,3076.81395766,30.5856960019,30.1648427222,-0.0281291561419,0.41369924433,0.810530413166,0.810530413166
Toledo,709,875,Mid-American Conference,270,138,2.7,1.33980582524,3617,2751,36.17,26.7087378641,220.26297103,221.62865168,2.2026297103,2.15173448233,3002.08096789,3109.42699781,30.0208096789,30.1886116293,0.497370289698,-0.811928657088,6.14919032115,6.14919032115
Troy,716,818,Sun Belt Conference,246,237,2.01639344262,1.94262295082,3611,3512,29.5983606557,28.7868852459,255.415836467,265.161058431,2.09357243006,2.17345129861,3733.2596375,3650.83598298,30.6004888319,29.9248851064,-0.077178987437,-0.230828347792,-1.00212817619,-1.00212817619
Tulane,718,823,American Athletic Conference,162,276,1.36134453782,2.35897435897,2719,3491,22.8487394958,29.8376068376,233.512739366,273.065388105,1.96229192745,2.33389220603,3746.31854043,3398.672068,31.481668407,29.0484792137,-0.600947389631,0.0250821529462,-8.63292891121,-8.63292891121
Tulsa,719,823,American Athletic Conference,322,343,2.33333333333,2.55970149254,4808,4678,34.8405797101,34.9104477612,293.297638128,287.891962328,2.12534520382,2.14844748006,4202.90850791,4051.42507529,30.455858753,30.2345154873,0.207988129509,0.411254012478,4.38472095715,4.38472095715
Air Force,721,5486,Mountain West Conference,300,165,2.72727272727,1.52777777778,3833,2535,34.8454545455,23.4722222222,231.166443891,219.136637504,2.10151312628,2.02904293985,3356.48738941,3353.24265618,30.5135217219,31.0485431128,0.62575960099,-0.501265162074,4.33193282352,4.33193282352
Army,725,99001,Independent,194,234,1.92079207921,2.29411764706,2730,3025,27.0297029703,29.6568627451,205.374506821,262.057636319,2.03341095863,2.56919251293,3129.13142291,2754.30553079,30.9814992367,27.0029953999,-0.112618879418,-0.275074865872,-3.9517962664,-3.9517962664
Navy,726,823,American Athletic Conference,278,150,3.30952380952,1.78571428571,3010,2667,35.8333333333,31.75,198.181359409,169.681022779,2.35930189772,2.02001217594,2409.55713568,2604.61307848,28.6852039962,31.0072985534,0.950221911799,-0.23429789023,7.14812933711,7.14812933711
Utah State,731,5486,Mountain West Conference,237,210,2.34653465347,1.98113207547,2957,2780,29.2772277228,26.2264150943,231.383278685,218.944431042,2.29092355134,2.06551350039,2937.78107143,3259.75352828,29.0869413013,30.7523917763,0.0556111021279,-0.0843814249205,0.190286421488,0.190286421488
Utah,732,905,Pac-12 Conference,269,208,2.40178571429,1.76271186441,3352,3293,29.9285714286,27.906779661,252.260292302,252.088656341,2.25232403841,2.13634454526,3307.37119668,3563.90385369,29.5300999703,30.2025750313,0.149461675873,-0.373632680852,0.398471458252,0.398471458252
Vanderbilt,736,911,Southeastern Conference,148,158,1.22314049587,1.31666666667,3096,2590,25.5867768595,21.5833333333,254.277024497,273.012754125,2.10146301237,2.27510628438,3681.67661311,3474.01337782,30.4270794472,28.9501114818,-0.878322516507,-0.958439617712,-4.8403025877,-4.8403025877
Virginia Tech,742,821,Atlantic Coast Conference,235,218,1.99152542373,1.77235772358,3253,3189,27.5677966102,25.9268292683,264.888409143,268.154739697,2.24481702664,2.18011983494,3466.08303416,3680.45217667,29.3735850353,29.9223754201,-0.253291602909,-0.407762111361,-1.8057884251,-1.8057884251
Virginia,746,821,Atlantic Coast Conference,189,265,1.71818181818,2.40909090909,3228,3615,29.3454545455,32.8636363636,215.138888685,250.16821649,1.95580807896,2.27425651354,3462.8791886,3236.1415134,31.4807198964,29.4194683036,-0.237626260776,0.134834395547,-2.1352653509,-2.1352653509
Wake Forest,749,821,Atlantic Coast Conference,187,192,1.54545454545,1.65517241379,3267,2971,27.0,25.6120689655,238.837858633,252.826300506,1.97386660027,2.17953707333,3815.0860389,3477.55169326,31.5296366851,29.9788939074,-0.428412054817,-0.524364659533,-4.52963668513,-4.52963668513
Washington State,754,905,Pac-12 Conference,315,237,2.73913043478,2.17431192661,4299,3436,37.3826086957,31.5229357798,254.805995319,235.320782858,2.21570430712,2.15890626475,3423.54710942,3285.59615343,29.7699748645,30.1430839765,0.52342612766,0.0154056618514,7.61263383114,7.61263383114
Washington,756,905,Pac-12 Conference,240,165,2.10526315789,1.4347826087,3092,3054,27.1228070175,26.5565217391,251.11026034,249.27776422,2.20272158193,2.16763273235,3401.90173559,3453.11574445,29.8412432946,30.02709343,-0.0974584240341,-0.732850123652,-2.7184362771,-2.7184362771
West Virginia,768,25354,Big 12 Conference,264,210,2.31578947368,1.875,3816,3323,33.4736842105,29.6696428571,240.946618706,238.902529046,2.11356683076,2.13305829505,3505.01005146,3369.6475905,30.7457022057,30.0861392009,0.202222642927,-0.258058295051,2.72798200478,2.72798200478
Western Kentucky,772,24312,Conference USA,404,254,3.25806451613,2.06504065041,5112,4209,41.2258064516,34.2195121951,265.628228361,247.566530428,2.14216313194,2.01273601974,3757.30146846,3828.59646887,30.3008182941,31.1268005599,1.11590138419,0.0523046306671,10.9249881575,10.9249881575
Western Michigan,774,875,Mid-American Conference,331,245,3.03669724771,2.28971962617,4252,3598,39.0091743119,33.6261682243,235.287260763,219.792671929,2.1585987226,2.05413712083,3299.63055121,3293.49341409,30.2718399193,30.7803122812,0.878098525106,0.23558250534,8.73733439258,8.73733439258
Wisconsin,796,827,Big Ten Conference,225,113,2.04545454545,1.01801801802,3483,2315,31.6636363636,20.8558558559,242.34891812,227.47891646,2.20317198291,2.04935960775,3278.49316671,3429.81032299,29.8044833338,30.899192099,-0.157717437452,-1.03134158973,1.85915302989,1.85915302989
Wyoming,811,5486,Mountain West Conference,185,306,1.68181818182,2.78181818182,3209,3579,29.1727272727,32.5363636364,219.824642727,236.365129925,1.99840584297,2.14877390841,3430.6438116,3313.98572352,31.1876710145,30.1271429411,-0.316587661155,0.633044273405,-2.01494374181,-2.01494374181
Abilene Christian,2,99005,Ind,7,34,0.538461538462,2.83333333333,270,446,20.7692307692,37.1666666667,26.8630066022,25.7545163598,2.06638512324,2.14620969665,399.987056881,365.674987014,30.7682351447,30.4729155845,-1.52792358478,0.687123636685,-9.99900437545,-9.99900437545
Alabama A&M,6,916,Southwestern,10,52,0.714285714286,3.71428571429,257,643,18.3571428571,45.9285714286,27.8128812815,30.7143010071,1.98663437725,2.19387864337,437.420494928,417.973957662,31.2443210663,29.8552826901,-1.27234866296,1.52040707092,-12.8871782091,-12.8871782091
Alabama St.,7,916,Southwestern,0,0,0,0,0,0,0,0,0,0,0,0,0,0,0,0,0,0,0,0
Albany (N.Y.),14,846,Northeast,14,45,1.16666666667,4.09090909091,270,456,22.5,41.4545454545,21.6527077892,25.3158487058,1.80439231577,2.30144079143,388.163201445,319.870376404,32.3469334538,29.0791251277,-0.637725649101,1.78946829948,-9.84693345377,-9.84693345377
Alcorn St.,17,916,Southwestern,7,70,0.5,5.38461538462,227,563,16.2142857143,43.3076923077,27.193349113,33.4702404346,1.9423820795,2.57463387959,442.207649085,347.99535239,31.5862606489,26.7688732608,-1.4423820795,2.80998150503,-15.3719749347,-15.3719749347
Austin Peay,43,902,OVC,21,86,0.75,3.30769230769,444,986,15.8571428571,37.9230769231,51.3206592657,63.5013803517,1.83288068806,2.44236078276,895.036706183,730.17853607,31.9655966494,28.0837898488,-1.08288068806,0.865331524933,-16.1084537923,-16.1084537923
Charleston So.,48,826,Big South,14,38,0.875,2.92307692308,382,378,23.875,29.0769230769,31.6104020376,31.8056181662,1.97565012735,2.44658601279,498.421091281,368.317595782,31.151318205,28.3321227525,-1.10065012735,0.476490910289,-7.27631820503,-7.27631820503
Bethune-Cookman,61,876,Mid-Eastern,0,38,0.0,3.45454545455,86,377,6.61538461538,34.2727272727,27.7928035152,23.9955674021,2.13790796271,2.18141521837,396.44091212,329.540499428,30.4954547784,29.9582272207,-2.13790796271,1.27313023618,-23.8800701631,-23.8800701631
Brown,80,865,Ivy,0,0,0,0,0,0,0,0,0,0,0,0,0,0,0,0,0,0,0,0
Bryant,81,846,Northeast,0,0,0,0,0,0,0,0,0,0,0,0,0,0,0,0,0,0,0,0
Bucknell,83,838,Patriot,14,21,1.27272727273,1.75,13,182,1.18181818182,15.1666666667,58.5106789949,23.5066213223,5.3191526359,1.95888511019,50.6052913815,384.564614146,4.60048103468,32.0470511788,-4.04642536317,-0.20888511019,-3.41866285286,-3.41866285286
Butler,87,21451,Pioneer,0,0,0,0,0,0,0,0,0,0,0,0,0,0,0,0,0,0,0,0
Cal Poly,90,825,Big Sky,21,42,1.75,3.23076923077,321,527,26.75,40.5384615385,23.5168891628,32.0256969194,1.95974076357,2.46351514764,380.542512259,360.033460694,31.7118760216,27.6948815918,-0.209740763568,0.767254083126,-4.96187602158,-4.96187602158
Sacramento State,102,825,Big Sky,0,49,0.0,3.5,175,591,12.5,42.2142857143,30.5428012632,30.7986073011,2.18162866166,2.19990052151,414.680943859,425.273927867,29.6200674185,30.3767091333,-2.18162866166,1.30009947849,-17.1200674185,-17.1200674185
UC Davis,108,825,Big Sky,44,72,2.0,3.78947368421,712,877,32.3636363636,46.1578947368,48.9861357561,39.954306711,2.22664253437,2.10285824795,647.48403944,574.508333433,29.4310927018,30.237280707,-0.226642534366,1.68661543626,2.9325436618,2.9325436618
Campbell,115,21451,Pioneer,0,0,0,0,0,0,0,0,0,0,0,0,0,0,0,0,0,0,0,0
Central Conn. St.,127,846,Northeast,0,0,0,0,0,0,0,0,0,0,0,0,0,0,0,0,0,0,0,0
Citadel,141,912,Southern,14,48,1.07692307692,3.69230769231,293,378,22.5384615385,29.0769230769,25.6920350527,33.7438419383,1.97631038867,2.5956801491,406.223348287,348.86938855,31.2479498682,26.8361068116,-0.899387311749,1.09662754321,-8.70948832974,-8.70948832974
Coastal Carolina,149,826,Big South,0,0,0,0,0,0,0,0,0,0,0,0,0,0,0,0,0,0,0,0
Colgate,153,838,Patriot,17,41,1.41666666667,4.1,325,392,27.0833333333,39.2,24.1790546621,21.9839217611,2.01492122184,2.19839217611,372.149793058,301.143207358,31.0124827549,30.1143207358,-0.598254555173,1.90160782389,-3.92914942154,-3.92914942154
Columbia,158,865,Ivy,0,0,0,0,0,0,0,0,0,0,0,0,0,0,0,0,0,0,0,0
Cornell,167,865,Ivy,0,0,0,0,0,0,0,0,0,0,0,0,0,0,0,0,0,0,0,0
Dartmouth,172,865,Ivy,0,0,0,0,0,0,0,0,0,0,0,0,0,0,0,0,0,0,0,0
Davidson,173,21451,Pioneer,0,0,0,0,0,0,0,0,0,0,0,0,0,0,0,0,0,0,0,0
Dayton,175,21451,Pioneer,0,0,0,0,0,0,0,0,0,0,0,0,0,0,0,0,0,0,0,0
Delaware State,178,876,Mid-Eastern,7,49,0.538461538462,3.5,49,509,3.76923076923,36.3571428571,25.3260539191,38.5981035979,1.94815799378,2.75700739985,411.729952775,371.722729389,31.6715348288,26.5516235278,-1.40969645531,0.742992600153,-27.9023040596,-27.9023040596
Delaware,180,837,Colonial,14,41,1.4,4.1,-22,313,-2.2,31.3,53.2374851787,19.0375821281,5.32374851787,1.90375821281,59.679819025,318.75296815,5.9679819025,31.875296815,-3.92374851787,2.19624178719,-8.1679819025,-8.1679819025
Drake,189,21451,Pioneer,0,0,0,0,0,0,0,0,0,0,0,0,0,0,0,0,0,0,0,0
Duquesne,194,846,Northeast,0,0,0,0,0,0,0,0,0,0,0,0,0,0,0,0,0,0,0,0
Eastern Illinois,201,902,OVC,7,34,0.583333333333,3.09090909091,164,468,13.6666666667,42.5454545455,26.2579334174,24.8708663512,2.18816111812,2.26098785011,364.778832411,331.413222326,30.3982360343,30.1284747569,-1.60482778478,0.829921240798,-16.7315693676,-16.7315693676
Eastern Kentucky,202,902,OVC,28,63,1.07692307692,2.52,448,830,17.2307692308,33.2,57.2432209971,55.1873398682,2.20166234604,2.20749359473,772.054072307,752.863826825,29.6943873964,30.114553073,-1.12473926912,0.312506405271,-12.4636181656,-12.4636181656
Eastern Washington,207,825,Big Sky,42,62,3.5,4.76923076923,554,703,46.1666666667,54.0769230769,23.2573631453,28.0348098117,1.93811359544,2.15652383167,378.03111596,395.628901172,31.5025929967,30.4329923979,1.56188640456,2.61270693756,14.66407367,14.66407367
Florida A&M,228,876,Mid-Eastern,3,52,0.1875,3.25,176,528,11.0,33.0,30.5523142432,38.399901585,1.9095196402,2.39999384906,515.527446036,458.918607854,32.2204653772,28.6824129909,-1.7220196402,0.85000615094,-21.2204653772,-21.2204653772
Fordham,236,838,Patriot,34,35,2.83333333333,3.18181818182,442,368,36.8333333333,33.4545454545,25.7977091391,24.1998649121,2.14980909493,2.19998771928,365.554371355,328.122960821,30.4628642796,29.8293600747,0.683524238408,0.981830462535,6.37046905372,6.37046905372
Furman,244,912,Southern,27,62,0.964285714286,2.13793103448,579,788,20.6785714286,27.1724137931,54.9145728961,70.5321588546,1.96123474629,2.43214340878,877.943224979,820.598199932,31.3551151778,28.2964896528,-0.996949032002,-0.294212374297,-10.6765437492,-10.6765437492
Georgetown,251,838,Patriot,0,0,0,0,0,0,0,0,0,0,0,0,0,0,0,0,0,0,0,0
Grambling,261,916,Southwestern,28,59,1.55555555556,3.93333333333,491,700,27.2777777778,46.6666666667,36.4579882607,35.297279054,2.02544379226,2.35315193693,562.668828833,426.729483961,31.2593793796,28.4486322641,-0.469888236705,1.5801813964,-3.98160160182,-3.98160160182
Hampton,270,876,Mid-Eastern,0,0,0,0,0,0,0,0,0,0,0,0,0,0,0,0,0,0,0,0
Harvard,275,865,Ivy,0,0,0,0,0,0,0,0,0,0,0,0,0,0,0,0,0,0,0,0
Holy Cross,285,838,Patriot,0,0,0,0,0,0,0,0,0,0,0,0,0,0,0,0,0,0,0,0
Howard,290,876,Mid-Eastern,7,119,0.291666666667,4.76,282,1132,11.75,45.28,42.3180912479,64.0591271765,1.763253802,2.56236508706,791.803637699,675.013373449,32.9918182375,27.000534938,-1.47158713533,2.19763491294,-21.2418182375,-21.2418182375
Idaho State,294,825,Big Sky,14,125,0.466666666667,4.31034482759,654,1162,21.8,40.0689655172,54.9511401197,79.9689046348,1.83170467066,2.75754843568,972.263404503,740.157460512,32.4087801501,25.5226710521,-1.36503800399,1.5527963919,-10.6087801501,-10.6087801501
Illinois State,299,853,MVFC,14,31,1.55555555556,3.1,252,392,28.0,39.2,17.3105690166,22.2325060572,1.9233965574,2.22325060572,285.524939279,295.501702455,31.7249932533,29.5501702455,-0.367841001845,0.876749394282,-3.72499325326,-3.72499325326
Indiana State,305,853,MVFC,14,31,0.933333333333,2.21428571429,322,490,21.4666666667,35.0,33.2004443813,29.4028567993,2.21336295875,2.10020405709,445.47119691,426.562986182,29.698079794,30.4687847273,-1.28002962542,0.114081657194,-8.23141312733,-8.23141312733
Jackson State,314,916,Southwestern,0,0,0,0,0,0,0,0,0,0,0,0,0,0,0,0,0,0,0,0
Jacksonville State,315,902,OVC,20,20,1.66666666667,1.81818181818,415,371,34.5833333333,33.7272727273,26.8954617011,25.8639133,2.24128847509,2.35126484546,359.660528625,313.161963732,29.9717107187,28.4692694302,-0.574621808424,-0.533083027273,4.61162261459,4.61162261459
Jacksonville,316,21451,Pioneer,0,0,0,0,0,0,0,0,0,0,0,0,0,0,0,0,0,0,0,0
James Madison,317,837,Colonial,48,45,3.0,2.64705882353,-49,366,-3.0625,21.5294117647,85.0050912895,34.3292179505,5.3128182056,2.01936576179,80.8459570078,531.731838228,5.05287231299,31.2783434252,-2.3128182056,0.627693061735,-8.11537231299,-8.11537231299
Lafayette,342,838,Patriot,0,0,0,0,0,0,0,0,0,0,0,0,0,0,0,0,0,0,0,0
Lamar,346,914,Southland,31,66,1.72222222222,3.88235294118,287,755,15.9444444444,44.4117647059,41.9218130274,34.6853366635,2.32898961263,2.04031392139,520.97310811,527.895699285,28.9429504505,31.0526881932,-0.606767390411,1.84203901979,-12.9985060061,-12.9985060061
Lehigh,352,838,Patriot,0,0,0,0,0,0,0,0,0,0,0,0,0,0,0,0,0,0,0,0
Liberty,355,826,Big South,58,75,2.7619047619,3.40909090909,852,862,40.5714285714,39.1818181818,41.6304295984,45.7452626652,1.98240140945,2.07933012114,657.842048109,676.437960738,31.3258118147,30.7471800336,0.779503352458,1.32976078795,9.24561675671,9.24561675671
Maine,380,837,Colonial,10,62,0.384615384615,2.48,358,819,13.7692307692,32.76,53.385231505,51.6673734468,2.05327813481,2.06669493787,805.829399205,773.959043645,30.9934384309,30.9583617458,-1.66866275019,0.413305062128,-17.2242076617,-17.2242076617
Marist,386,21451,Pioneer,0,0,0,0,0,0,0,0,0,0,0,0,0,0,0,0,0,0,0,0
McNeese State,402,914,Southland,0,0,0,0,0,0,0,0,0,0,0,0,0,0,0,0,0,0,0,0
Mississippi Valley State,432,916,Southwestern,0,0,0,0,0,0,0,0,0,0,0,0,0,0,0,0,0,0,0,0
Monmouth,439,846,Northeast,10,38,0.909090909091,3.16666666667,199,384,18.0909090909,32.0,23.7644571763,29.0607024123,2.16040519785,2.42172520102,329.785354421,339.13969618,29.9804867655,28.2616413483,-1.25131428876,0.744941465644,-11.8895776746,-11.8895776746
Montana State,440,825,Big Sky,0,0,0,0,0,0,0,0,0,0,0,0,0,0,0,0,0,0,0,0
Montana,441,825,Big Sky,0,0,0,0,0,0,0,0,0,0,0,0,0,0,0,0,0,0,0,0
Morehead State,444,21451,Pioneer,0,0,0,0,0,0,0,0,0,0,0,0,0,0,0,0,0,0,0,0
Morgan State,446,876,Mid-Eastern,14,49,1.27272727273,5.44444444444,245,473,22.2727272727,52.5555555556,20.3011012212,19.5536884613,1.84555465647,2.17263205125,356.645096401,273.050257064,32.422281491,30.3389174515,-0.572827383742,3.27181239319,-10.1495542183,-10.1495542183
Murray State,454,902,OVC,55,97,2.03703703704,3.73076923077,929,1226,34.4074074074,47.1538461538,52.5730499814,55.9255387349,1.94714999931,2.15098225903,856.238256014,786.231785959,31.7125280005,30.2396840753,0.0898870377263,1.57978697173,2.6948794069,2.6948794069
New Hampshire,469,837,Colonial,0,0,0,0,0,0,0,0,0,0,0,0,0,0,0,0,0,0,0,0
Nicholls State,483,914,Southland,0,93,0.0,3.57692307692,412,1175,15.8461538462,45.1923076923,43.2447181337,62.0507920647,1.66325838976,2.38656892556,873.676561242,749.301400737,33.6029446632,28.8192846437,-1.66325838976,1.19035415136,-17.756790817,-17.756790817
Norfolk State,485,876,Mid-Eastern,24,125,0.666666666667,3.47222222222,665,1393,18.4722222222,38.6944444444,71.6733350298,83.430381262,1.99092597305,2.31751059061,1115.10818513,1049.17308707,30.9752273646,29.1436968632,-1.32425930638,1.15471163161,-12.5030051424,-12.5030051424
North Carolina A&T,488,876,Mid-Eastern,14,52,1.16666666667,4.0,308,432,25.6666666667,33.2307692308,21.4545441052,34.3959519573,1.78787867543,2.64584245825,391.07182119,345.086620729,32.5893184325,26.5451246715,-0.621212008768,1.35415754175,-6.92265176582,-6.92265176582
N.C. Central,489,876,Mid-Eastern,0,55,0.0,4.23076923077,177,640,13.6153846154,49.2307692308,23.0335076257,27.2202867075,1.7718082789,2.09386820827,426.049385852,402.064848421,32.7730296809,30.9280652632,-1.7718082789,2.1369010225,-19.1576450656,-19.1576450656
North Dakota State,493,853,MVFC,0,0,0,0,0,0,0,0,0,0,0,0,0,0,0,0,0,0,0,0
North Dakota,494,825,Big Sky,0,0,0,0,0,0,0,0,0,0,0,0,0,0,0,0,0,0,0,0
Northern Arizona,501,825,Big Sky,13,77,0.866666666667,5.5,327,793,21.8,56.6428571429,27.9586109039,30.4721306303,1.86390739359,2.17658075931,479.277531849,431.451305064,31.9518354566,30.8179503617,-0.997240726926,3.32341924069,-10.1518354566,-10.1518354566
Northern Colorado,502,825,Big Sky,0,0,0,0,0,0,0,0,0,0,0,0,0,0,0,0,0,0,0,0
Northern Iowa,504,853,MVFC,0,0,0,0,0,0,0,0,0,0,0,0,0,0,0,0,0,0,0,0
Northwestern State,508,914,Southland,30,108,1.42857142857,5.4,620,1190,29.5238095238,59.5,39.5603073159,43.1487874582,1.8838241579,2.15743937291,672.965860572,608.717351329,32.0459933606,30.4358675665,-0.455252729331,3.24256062709,-2.52218383674,-2.52218383674
Pennsylvania,540,865,Ivy,0,0,0,0,0,0,0,0,0,0,0,0,0,0,0,0,0,0,0,0
Portland State,550,825,Big Sky,24,17,2.66666666667,2.125,310,379,34.4444444444,47.375,16.6400348184,15.4283837282,1.8488927576,1.92854796603,291.842570933,255.596007494,32.4269523259,31.9495009368,0.817773909071,0.196452033974,2.01749211851,2.01749211851
Prairie View A&M,553,916,Southwestern,24,56,1.84615384615,4.30769230769,465,626,35.7692307692,48.1538461538,28.4616541875,27.3882812117,2.18935801442,2.10679086244,391.558374803,404.080682106,30.1198749849,31.0831293928,-0.34320416827,2.20090144525,5.64935578437,5.64935578437
Princeton,554,865,Ivy,0,0,0,0,0,0,0,0,0,0,0,0,0,0,0,0,0,0,0,0
Rhode Island,572,837,Colonial,7,31,0.538461538462,2.38461538462,156,408,12.0,31.3846153846,23.5233527777,31.9772630638,1.80948867521,2.45978946645,418.8845718,362.952258034,32.2218901385,27.9194044642,-1.27102713675,-0.0751740818338,-20.2218901385,-20.2218901385
Richmond,575,837,Colonial,21,44,1.61538461538,3.66666666667,284,417,21.8461538462,34.75,23.6136997904,33.8449239409,1.81643844541,2.82041032841,421.077490934,309.988152734,32.3905762257,25.8323460612,-0.20105383003,0.846256338255,-10.5444223796,-10.5444223796
Robert Morris,579,846,Northeast,0,0,0,0,0,0,0,0,0,0,0,0,0,0,0,0,0,0,0,0
Sacred Heart,590,846,Northeast,0,0,0,0,0,0,0,0,0,0,0,0,0,0,0,0,0,0,0,0
St. Francis (Pa.),600,846,Northeast,0,0,0,0,0,0,0,0,0,0,0,0,0,0,0,0,0,0,0,0
Sam Houston State,624,914,Southland,52,45,3.05882352941,3.0,655,570,38.5294117647,38.0,35.4610842991,31.3967016507,2.08594613524,2.09311344338,520.358861635,462.900258454,30.609344802,30.8600172303,0.972877394173,0.906886556622,7.92006696266,7.92006696266
Samford,625,912,Southern,3,45,0.230769230769,3.46153846154,-12,405,-0.923076923077,31.1538461538,67.302902661,24.4884004824,5.17714635854,1.88372311403,77.9703881771,421.679689846,5.99772216747,32.4368992189,-4.94637712777,1.57781534751,-6.92079909054,-6.92079909054
San Diego,627,21451,Pioneer,17,16,1.21428571429,1.33333333333,309,248,22.0714285714,20.6666666667,26.3961718942,27.4251008889,1.88544084958,2.28542507408,442.745250349,352.032263761,31.6246607392,29.3360219801,-0.671155135299,-0.952091740745,-9.55323216778,-9.55323216778
Savannah State,632,876,Mid-Eastern,23,118,0.69696969697,3.8064516129,435,1258,13.1818181818,40.5806451613,67.3413707203,82.912745053,2.04064759758,2.67460467913,1018.54657661,808.194316014,30.8650477761,26.0707843875,-1.34367790061,1.13184693378,-17.6832295943,-17.6832295943
South Carolina State,647,876,Mid-Eastern,0,0,0,0,0,0,0,0,0,0,0,0,0,0,0,0,0,0,0,0
South Dakota State,649,853,MVFC,41,31,3.41666666667,2.58333333333,454,528,37.8333333333,44.0,28.4257133616,21.8724418774,2.3688094468,1.82270348978,347.943853049,386.603712502,28.9953210874,32.2169760419,1.04785721987,0.760629843549,8.83801224589,8.83801224589
South Dakota,650,853,MVFC,0,0,0,0,0,0,0,0,0,0,0,0,0,0,0,0,0,0,0,0
Southeast Missouri State,654,902,OVC,3,27,0.1875,2.07692307692,130,422,8.125,32.4615384615,31.7131961486,25.9741303224,1.98207475929,1.9980100248,508.58330484,413.369716691,31.7864565525,31.7976705147,-1.79457475929,0.0789130521233,-23.6614565525,-23.6614565525
Southeastern Louisiana,655,914,Southland,14,35,1.07692307692,2.91666666667,314,444,24.1538461538,37.0,24.8700473351,25.3902291414,1.91308056424,2.11585242845,412.762889154,369.807372742,31.7509914734,30.8172810619,-0.836157487318,0.800814238218,-7.59714531952,-7.59714531952
Southern Illinois,659,853,MVFC,34,48,2.61538461538,3.42857142857,609,592,46.8461538462,42.2857142857,23.8926752178,28.6260908843,1.83789809368,2.04472077745,424.443440268,433.609597295,32.6494954053,30.9721140925,0.777486521707,1.38385065112,14.1966584409,14.1966584409
Southern University,665,916,Southwestern,14,103,0.538461538462,3.81481481481,496,1088,19.0769230769,40.2962962963,48.5455294172,65.0798427623,1.86713574681,2.41036454675,838.27061988,774.254966855,32.2411776877,28.6761098835,-1.32867420835,1.40445026806,-13.1642546108,-13.1642546108
Southern Utah,667,825,Big Sky,0,0,0,0,0,0,0,0,0,0,0,0,0,0,0,0,0,0,0,0
Missouri State,669,853,MVFC,21,119,0.7,4.10344827586,529,1087,17.6333333333,37.4827586207,54.9514227628,75.0955143862,1.83171409209,2.58950049607,980.034524538,786.08884272,32.6678174846,27.1065118179,-1.13171409209,1.51394777979,-15.0344841513,-15.0344841513
Stephen F. Austin,676,914,Southland,14,63,0.933333333333,4.2,240,595,16.0,39.6666666667,31.033497171,35.7000877719,2.0688998114,2.38000585146,459.828154308,433.61692745,30.6552102872,28.9077951633,-1.13556647807,1.81999414854,-14.6552102872,-14.6552102872
Stony Brook,683,826,Big South,0,0,0,0,0,0,0,0,0,0,0,0,0,0,0,0,0,0,0,0
Tennessee State,691,902,OVC,0,0,0,0,0,0,0,0,0,0,0,0,0,0,0,0,0,0,0,0
Tennessee Tech,692,902,OVC,24,52,1.6,3.71428571429,338,613,22.5333333333,43.7857142857,27.6102006074,31.4787476589,1.84068004049,2.24848197563,480.380901161,411.579197274,32.0253934108,29.398514091,-0.240680040495,1.46580373865,-9.49206007743,-9.49206007743
Chattanooga,693,912,Southern,0,0,0,0,0,0,0,0,0,0,0,0,0,0,0,0,0,0,0,0
Tennessee-Martin,695,902,OVC,38,133,1.40740740741,5.11538461538,799,1228,29.5925925926,47.2307692308,50.299188469,61.5545396597,1.86293290626,2.3674822946,866.115229043,742.353021904,32.0783418164,28.552039304,-0.455525498852,2.74790232078,-2.48574922382,-2.48574922382
Texas Southern,699,916,Southwestern,0,0,0,0,0,0,0,0,0,0,0,0,0,0,0,0,0,0,0,0
Towson,711,837,Colonial,20,28,2.0,2.8,401,401,40.1,40.1,18.5379137901,20.1554771726,1.85379137901,2.01554771726,319.213563169,310.317542351,31.9213563169,31.0317542351,0.146208620993,0.78445228274,8.17864368312,8.17864368312
Valparaiso,735,21451,Pioneer,0,0,0,0,0,0,0,0,0,0,0,0,0,0,0,0,0,0,0,0
Villanova,739,837,Colonial,14,21,1.4,2.1,297,320,29.7,32.0,19.9454786567,19.8798639527,1.99454786567,1.98798639527,315.235131895,311.993269916,31.5235131895,31.1993269916,-0.594547865667,0.112013604728,-1.82351318947,-1.82351318947
Virginia Military,741,826,Big South,38,48,2.92307692308,3.2,536,540,41.2307692308,36.0,23.9415007973,38.8581159039,1.84165390749,2.59054106026,412.66141207,406.971732265,31.7431855438,27.1314488177,1.08142301559,0.609458939741,9.48758368693,9.48758368693
Wagner,748,846,Northeast,24,126,0.923076923077,4.84615384615,430,1261,16.5384615385,48.5,51.1015460785,62.2864036175,1.96544407994,2.39563090836,824.324610343,750.879973825,31.7047927055,28.8799989933,-1.04236715687,2.45052293779,-15.166331167,-15.166331167
Weber State,758,825,Big Sky,0,33,0.0,2.2,183,476,13.0714285714,31.7333333333,24.5056821609,33.1632469218,1.75040586864,2.21088312812,453.911772527,456.882966766,32.4222694662,30.458864451,-1.75040586864,-0.0108831281214,-19.3508408948,-19.3508408948
Western Carolina,769,912,Southern,10,41,0.625,2.92857142857,244,450,15.25,32.1428571429,29.0862162315,35.3618881811,1.81788851447,2.52584915579,523.472941338,382.308804684,32.7170588336,27.3077717631,-1.19288851447,0.402722272778,-17.4670588336,-17.4670588336
Western Illinois,771,853,MVFC,0,37,0.0,2.64285714286,169,447,12.0714285714,31.9285714286,25.0862699219,35.2684589657,1.79187642299,2.51917564041,452.850474882,388.142801713,32.3464624916,27.7244858366,-1.79187642299,0.123681502449,-20.2750339201,-20.2750339201
William & Mary,786,837,Colonial,27,28,2.45454545455,2.8,357,364,32.4545454545,36.4,25.4955153348,18.7639860051,2.31777412135,1.87639860051,320.329055026,320.868943916,29.1208231842,32.0868943916,0.1367713332,0.923601399486,3.33372227039,3.33372227039
Yale,813,865,Ivy,0,0,0,0,0,0,0,0,0,0,0,0,0,0,0,0,0,0,0,0
Youngstown State,817,853,MVFC,30,45,1.76470588235,2.8125,383,515,22.5294117647,32.1875,39.7658643303,32.3168343461,2.33916849002,2.01980214663,485.021262145,502.902396507,28.5306624791,31.4313997817,-0.574462607663,0.792697853366,-6.00125071441,-6.00125071441
Central Arkansas,1004,914,Southland,7,34,0.538461538462,2.61538461538,237,532,18.2307692308,40.9230769231,24.872940322,25.846850582,1.9133031017,1.98821927554,426.641926403,404.637726494,32.8186097233,31.125978961,-1.37484156323,0.627165339847,-14.5878404926,-14.5878404926
Elon,1068,912,Southern,3,41,0.25,3.15384615385,117,577,9.75,44.3846153846,22.6182664184,25.4670778637,1.88485553486,1.95900598952,381.034868566,419.995160534,31.7529057139,32.3073200411,-1.63485553486,1.19484016433,-22.0029057139,-22.0029057139
Gardner-Webb,1092,826,Big South,14,41,1.0,2.5625,320,467,22.8571428571,29.1875,28.5575328783,38.8536006318,2.03982377702,2.42835003948,437.397981986,453.536985243,31.242712999,28.3460615777,-1.03982377702,0.134149960515,-8.38557014189,-8.38557014189
Presbyterian,1320,826,Big South,17,62,0.607142857143,2.13793103448,406,883,14.5,30.4482758621,55.2877192207,63.7992323765,1.97456140074,2.19997353023,866.167995949,872.826282372,30.9345712839,30.0974580128,-1.3674185436,-0.0620424957427,-16.4345712839,-16.4345712839
Arkansas-Pine Bluff,2678,916,Southwestern,0,0,0,0,0,0,0,0,0,0,0,0,0,0,0,0,0,0,0,0
Wofford,2915,912,Southern,41,83,1.70833333333,3.45833333333,692,1000,28.8333333333,41.6666666667,44.2785982575,54.9109581384,1.84494159406,2.2879565891,767.412381381,700.48235793,31.9755158909,29.1867649137,-0.13660826073,1.17037674423,-3.14218255755,-3.14218255755
Incarnate Word,2916,914,Southland,0,0,0,0,0,0,0,0,0,0,0,0,0,0,0,0,0,0,0,0
